Repository,Commit Message,Date
bank-app,Merge branch 'main' of https://github.com/rk9595/bank-app,2023-05-04T12:37:21Z
bank-app,feat:deploy,2023-05-04T12:36:17Z
bank-app,"Update README.md

video added for readme",2023-05-04T11:25:13Z
bank-app,init: vite-setup,2023-05-04T08:28:32Z
bank-app,first commit,2023-05-04T08:26:55Z
blade,"Merge pull request #1 from razorpay/fix/rn-onclick

fix: pass down onClick to onFocus on RN",2023-12-09T05:08:51Z
blade,fix:(TextInput component)onClick-test-added-for-React-Native,2023-10-28T04:10:58Z
blade,fix:(TextInput:add onClick prop #1738,2023-10-24T16:37:18Z
blade,fix:(TextInput:add onClick prop #1738,2023-10-24T16:35:37Z
blade,fix:(TextInput:add onClick prop #1738,2023-10-24T16:34:25Z
blade,onClick prop added to TextInput w test,2023-10-22T16:37:22Z
bookstore,Update README.md,2022-09-25T04:31:03Z
bookstore,feat:unauth app,2022-09-17T04:28:14Z
bookstore,feat:authentication,2022-09-17T04:24:02Z
bookstore,Initialize project using Create React App,2022-09-13T02:27:24Z
dashboard,Update README.md,2023-05-27T06:16:29Z
dashboard,fix:minorbugs,2023-01-28T16:38:08Z
dashboard,feat: dashboard,2023-01-28T15:26:32Z
dashboard,feat: addingCharts,2023-01-28T13:54:27Z
dashboard,feat:productspage,2023-01-26T16:29:55Z
dashboard,feat: Productmodel,2023-01-26T15:49:12Z
dashboard,feat: sidebar,2023-01-15T13:24:30Z
dashboard,feat: navbar,2023-01-15T08:39:23Z
dashboard,feat: reduxsetup,2023-01-12T01:43:31Z
dashboard,feat: reduxstore setup,2023-01-12T01:36:49Z
dashboard,feat: frontend setup,2023-01-11T01:42:55Z
dashboard,feat: backend setup,2023-01-08T15:04:04Z
dashboard,Initial commit,2023-01-02T10:04:56Z
data-table-csv,feat:final-styles,2023-06-07T05:07:31Z
data-table-csv,feat: styling-added,2023-06-06T17:07:17Z
data-table-csv,feat: UX-improvements,2023-06-06T16:44:11Z
Food-Catalog-Website,change,2021-10-05T07:37:24Z
Food-Catalog-Website,forms done,2021-10-05T07:30:49Z
Food-Catalog-Website,images,2021-10-05T07:25:21Z
Food-Catalog-Website,food website,2021-10-04T16:19:21Z
Food-Catalog-Website,sections,2021-10-04T03:59:45Z
Food-Catalog-Website,Create README.md,2021-10-03T16:25:24Z
Food-Catalog-Website,hero section,2021-10-03T16:19:52Z
Food-Catalog-Website,portfolio website,2021-09-29T08:38:58Z
foodtracker,Update README.md,2022-09-25T04:05:04Z
foodtracker,fix:minor bugs,2022-09-25T03:12:52Z
foodtracker,fix:minor bugs,2022-09-24T13:17:02Z
foodtracker,feat:final changes,2022-09-24T13:01:16Z
foodtracker,feat:logtotalcalories,2022-09-24T11:30:54Z
foodtracker,feat:chart visualization,2022-09-24T08:40:55Z
foodtracker,feat:Refactoring list section,2022-09-24T08:21:04Z
foodtracker,feat:list foods,2022-09-24T08:10:52Z
foodtracker,feat:snackbar,2022-09-24T07:39:35Z
foodtracker,feat:display calories,2022-09-24T06:39:08Z
foodtracker,feat:display food,2022-09-24T06:24:42Z
foodtracker,feat:add food functionlity,2022-09-24T06:06:43Z
foodtracker,feat:setup vite,2022-09-24T05:48:54Z
foodtracker,Initial commit,2022-09-24T05:35:59Z
geektrust-admin-ui,feat: build version,2023-05-10T16:13:59Z
geektrust-admin-ui,Initial commit from Create Next App,2023-04-28T12:49:50Z
GitHub-contributions-tracker,download-to-csv-added,2024-03-03T16:03:53Z
GitHub-contributions-tracker,githup-api-integraation,2024-03-02T18:44:30Z
GitHub-contributions-tracker,minor-fixes,2024-03-02T18:43:09Z
GitHub-contributions-tracker,Merge branch 'main' of github.com:rk9595/GitHub-contributions-tracker,2024-03-02T18:06:43Z
GitHub-contributions-tracker,Initial commit,2024-03-02T17:56:33Z
GitHub-contributions-tracker,Initial commit,2024-03-02T17:55:44Z
nextjs-shopping-website,feat: displayproducts,2023-02-05T14:14:36Z
nextjs-shopping-website,feat:landing page,2023-02-05T11:24:38Z
nextjs-shopping-website,feat: headerdone,2023-02-05T09:36:52Z
nextjs-shopping-website,Initial commit from Create Next App,2023-02-04T15:40:50Z
nextjs-shopping-website,Initial commit,2023-02-05T09:00:06Z
nodeAuthMicroservice,minor-fix-gk,2023-12-09T05:34:43Z
nodeAuthMicroservice,test-token,2023-12-09T05:34:00Z
nodeAuthMicroservice,test-husky,2023-11-26T14:14:05Z
nodeAuthMicroservice,test-husky,2023-11-26T14:09:15Z
nodeAuthMicroservice,test-husky,2023-11-26T13:58:35Z
nodeAuthMicroservice,user-register-fields-validations,2023-11-26T13:44:43Z
nodeAuthMicroservice,test-added-password,2023-11-26T13:15:14Z
nodeAuthMicroservice,brcypt-for-password,2023-11-26T13:12:02Z
nodeAuthMicroservice,role-type-added-for-user,2023-11-26T13:08:01Z
nodeAuthMicroservice,logging-added,2023-11-26T07:08:39Z
nodeAuthMicroservice,test-added-register-user,2023-11-19T06:31:43Z
nodeAuthMicroservice,postgre-setup-w-typeOrm,2023-11-18T07:38:40Z
nodeAuthMicroservice,containerize-using-docker,2023-11-17T12:52:05Z
nodeAuthMicroservice,husky-fix,2023-11-17T05:58:21Z
nodeAuthMicroservice,logger-setup,2023-11-17T05:51:51Z
nodeAuthMicroservice,setup node,2023-11-14T09:27:17Z
nodeAuthMicroservice,init,2023-11-14T09:08:34Z
pokemonapp,Update README.md,2023-04-20T12:00:26Z
pokemonapp,fix: minor-bugs,2023-04-15T10:10:07Z
pokemonapp,feat:20static detailpage,2023-04-15T07:17:59Z
pokemonapp,feat:spinner-added,2023-04-15T05:33:13Z
pokemonapp,feat: popup-for-evolutions,2023-04-14T19:24:11Z
pokemonapp,feat: evolutions-added,2023-04-14T17:33:05Z
pokemonapp,feat:Detailpage-done,2023-04-14T13:46:50Z
pokemonapp,feat: homepage-done,2023-04-14T08:41:53Z
pokemonapp,feat:navbar-added,2023-04-14T07:02:30Z
pokemonapp,feat: pokemonlist rendered,2023-04-14T05:20:40Z
pokemonapp,init: project-setup,2023-04-13T16:58:19Z
pokemonapp,Initial commit from Create Next App,2023-04-13T16:48:35Z
rk9595,Update README.md,2023-05-27T06:43:35Z
rk9595,Update README.md,2023-04-26T06:06:44Z
rk9595,Update README.md,2023-04-22T14:31:01Z
rk9595,Update README.md,2023-04-22T14:30:05Z
rk9595,Update README.md,2023-03-05T15:40:45Z
rk9595,Update README.md,2023-03-05T15:40:19Z
rk9595,Update README.md,2023-03-05T05:45:42Z
rk9595,Update README.md,2023-02-07T05:47:08Z
rk9595,Update README.md,2023-02-06T11:37:35Z
rk9595,Update README.md,2023-02-06T06:41:58Z
rk9595,Update README.md,2023-02-01T04:38:21Z
rk9595,Update README.md,2023-02-01T04:34:24Z
rk9595,Update README.md,2023-01-04T04:52:59Z
rk9595,Update README.md,2023-01-02T13:47:23Z
rk9595,Update README.md,2023-01-02T13:42:14Z
rk9595,Update README.md,2022-12-03T04:09:17Z
rk9595,Initial commit,2022-12-03T04:06:55Z
spotify-analytics-app,Update README.md,2022-12-05T16:20:05Z
spotify-analytics-app,Update README.md,2022-12-05T16:05:14Z
spotify-analytics-app,fix:minor,2022-12-04T16:14:18Z
spotify-analytics-app,feat: deploy changes,2022-12-04T16:07:32Z
spotify-analytics-app,fix: minorchanges,2022-12-03T11:20:25Z
spotify-analytics-app,feat: deployment,2022-12-03T10:53:53Z
spotify-analytics-app,feat: playlistpage,2022-11-29T01:42:30Z
spotify-analytics-app,feat:TopTracks,2022-11-28T16:35:29Z
spotify-analytics-app,feat:Profilepagecomponents,2022-11-28T16:27:57Z
spotify-analytics-app,feat: profilepage,2022-11-28T13:09:44Z
spotify-analytics-app,feat: displayprofiledata,2022-11-28T08:20:11Z
spotify-analytics-app,Update README.md,2022-11-21T10:07:30Z
spotify-analytics-app,Update README.md,2022-11-21T10:06:25Z
spotify-analytics-app,Create README.md,2022-11-21T09:56:04Z
spotify-analytics-app,feat: authflow,2022-11-21T09:22:16Z
spotify-analytics-app,first commit,2022-11-21T01:38:27Z
